frame,x,y,area
0,277.846911570735,216.96233828192968,35633.0
1,270.7675760461599,213.48000112038542,35702.0
2,263.00892022540927,211.0575808562348,37443.0
3,225.50340193551114,219.10649537252252,23663.0
4,224.72604523943906,214.9198107063778,23033.0
5,225.2622869955157,213.12121076233183,22300.0
6,225.0610356459112,211.8387273224542,21938.0
7,225.444799270073,212.31259124087592,21920.0
8,226.64358092404945,214.66059310216602,21514.0
9,227.90757009345793,216.06102803738318,21400.0
10,229.41740467978,215.95194369348374,21454.0
11,228.98527584778907,216.28413012469517,21733.0
12,227.32831104597912,217.68638944861695,21836.0
13,224.6197851262732,218.89070275801126,21501.0
14,222.42559201544182,220.3207476107528,21241.0
15,221.80417978814774,221.89063841969653,20958.0
16,221.90462510772767,222.84142487790865,20886.0
17,223.35537893840475,224.28976251300975,21138.0
18,225.1885529875184,225.51445114137914,21071.0
19,227.15801365027065,226.5519416333255,21245.0
20,229.93977895333458,227.61647458907993,21172.0
21,233.95643723928706,229.12286689419795,21096.0
22,238.77270328615975,230.7353322139602,20845.0
23,243.7178357672971,231.6198228393584,20885.0
24,249.249889364213,232.17303437085116,20337.0
25,254.02047275244783,233.88398773612897,20222.0
26,255.92086616124078,234.60418215152868,20181.0
27,255.46681514476614,234.8628062360802,20205.0
28,253.15000740411668,234.7764450367738,20259.0
29,251.57701125999898,221.79981657920212,19627.0
30,195.3229986613119,248.64203480589023,37350.0
31,194.4815999569904,248.0181715545281,37201.0
32,194.46343434343433,247.83849158249157,37125.0
33,193.86661986661986,247.2996462996463,37037.0
34,193.35231076557608,248.31503077421445,37044.0
35,191.8102027970114,247.0616875119735,36539.0
36,190.86921985041218,247.63290931921165,36634.0
37,190.2606758874804,248.11958643825446,36367.0
38,190.0381931897151,249.59802640722725,35975.0
39,188.48771293330688,249.50293359031772,35281.0
40,187.02833119566768,249.6084936582585,35085.0
41,184.94352388051144,247.8303709649676,34882.0
42,183.0207827799823,247.08709926061263,35029.0
43,180.23109468874284,245.2446337404451,35453.0
44,176.30317869172634,243.91681055223754,35329.0
45,172.11786329695576,243.83385985066053,34820.0
46,169.18862942971134,242.68114879136354,34088.0
47,164.80433943783206,243.50238936214419,33691.0
48,159.95315277942396,243.02545336019912,33748.0
49,154.7194878421238,243.24750381769059,34052.0
50,150.12051475276795,243.1657005390992,34502.0
51,148.2901741328864,244.06610232082494,35203.0
52,148.2881327754842,241.08093430495137,36091.0
53,149.8173204472238,240.51284550204392,36939.0
54,151.57544355053545,241.0914539932868,37538.0
55,154.21538903094506,238.81735636382612,38326.0
56,214.32792383425294,169.99707887049658,9243.0
57,208.55237091675448,171.74394099051634,9490.0
58,204.62730443447933,176.77339312406576,10035.0
59,195.75010940919037,166.59474835886215,9140.0
60,193.47559038441173,167.06862225987504,9443.0
61,188.76186846689896,162.68162020905925,9184.0
62,185.66745920242084,162.55603588025505,9253.0
63,182.97470331043098,164.2692067457839,9606.0
64,178.91868181306938,158.57192666741648,8891.0
65,176.3099395567495,158.74792925901053,8934.0
66,174.5004433606739,158.65273775216139,9022.0
67,173.1687979539642,159.98921383298122,8993.0
68,171.7736158130392,161.7290597357213,9157.0
69,169.41910100247924,163.90923790018326,9277.0
70,166.58386889460155,165.02902742073692,9336.0
71,164.18585646935568,171.24044002095337,9545.0
72,161.95297805642633,170.1514106583072,9570.0
73,158.2891173775832,168.40425531914894,9823.0
74,157.7930999389375,169.4715041726033,9826.0
75,157.9641497461929,168.62542301184433,9456.0
76,157.9763136119156,172.47983036822507,9668.0
77,154.39599828803767,169.78750267494115,9346.0
78,152.7322644870586,170.86911872576758,9543.0
79,151.1861528412802,166.96984541693882,9186.0
80,153.8590434304563,166.5768004398021,9095.0
81,154.46810207336523,166.6119417862839,10032.0
82,154.81781119768073,172.4994564232651,11038.0
83,156.22082897944966,171.62452107279694,11484.0
84,157.97446626814687,174.28599487617421,11710.0
85,158.58045783538125,181.09417606463558,11882.0
86,164.10329688535455,175.44060636182903,12072.0
87,167.72244537275066,179.18332262210797,12448.0
88,175.19519719836572,178.9031101475861,11993.0
89,297.80940892641735,220.9908021712907,33160.0
90,295.9911829306558,220.54794477565108,31870.0
91,289.36577232075183,218.77623162043352,32985.0
92,285.09722794420577,213.70022364781354,33982.0
93,286.6655341317704,207.95823777570146,35319.0
94,286.15140817240564,203.5992043628316,37957.0
95,283.7657835840316,207.46663717274762,38426.0
96,281.5363926134717,208.40365111561866,37961.0
97,283.0520157803718,209.69112083873756,37008.0
98,278.1691191763727,212.5192127703827,38464.0
99,274.41055304001884,217.812390399665,38207.0
100,273.05795231567345,218.58024890465822,37203.0
101,267.0154833001548,219.88481530634814,36168.0
102,267.0706849913932,222.1389382223558,36599.0
103,260.63979835357844,223.56959751159735,37293.0
104,254.4787382176521,230.04573693230506,37344.0
105,253.76209625778029,230.23180758689583,39041.0
106,253.12805651600706,230.6630680828835,40201.0
107,254.40752626824514,228.9844292302572,42066.0
108,256.67396610642305,227.98056582281424,43017.0
109,258.455442617732,223.31336835163836,43977.0
110,260.91575257265634,220.52751328734593,44215.0
111,262.4604958452527,220.20984879444217,44046.0
112,262.16609425013434,220.91310950678724,42801.0
113,259.0679445449066,225.15269439421337,41475.0
114,254.63673016832982,230.1800725733293,39684.0
115,247.60768741249842,229.615578465063,39285.0
116,239.29235785080854,225.37433489827856,38340.0
117,318.74165602772206,160.45267189494803,10966.0
118,320.1669406542824,167.56657899062964,12166.0
119,323.164167853254,167.58740263003602,11939.0
120,322.2755859045692,170.13370426572249,11862.0
121,322.857512089378,172.5791228947807,11994.0
122,322.6803952503529,175.36336461014696,12043.0
123,321.314221331998,175.84059422467033,11982.0
124,319.82664202922894,175.6211993952629,11906.0
125,319.3721190230478,175.29024767801857,11628.0
